LAT;;;;;59.9386;59.9386;59.9386;59.9386;59.9386;59.9386;59.9386;59.9386;59.9386;59.9386;59.9386;59.9386;59.9386;59.9386;59.9386;59.9386;59.9386;59.9386
LON;;;;;30.3141;30.3141;30.3141;30.3141;30.3141;30.3141;30.3141;30.3141;30.3141;30.3141;30.3141;30.3141;30.3141;30.3141;30.3141;30.3141;30.3141;30.3141
ASL;;;;;11.0000;11.0000;11.0000;11.0000;11.0000;11.0000;11.0000;11.0000;11.0000;11.0000;11.0000;11.0000;11.0000;11.0000;11.0000;11.0000;11.0000;11.0000
CITY;;;;;St Petersburg;St Petersburg;St Petersburg;St Petersburg;St Petersburg;St Petersburg;St Petersburg;St Petersburg;St Petersburg;St Petersburg;St Petersburg;St Petersburg;St Petersburg;St Petersburg;St Petersburg;St Petersburg;St Petersburg;St Petersburg
DOMAIN;;;;;NEMS12;NEMS12;NEMS12;NEMS12;NEMS12;NEMS12;NEMS12;NEMS12;NEMS12;NEMS12;NEMS12;NEMS12;NEMS12;NEMS12;NEMS12;NEMS12;NEMS12;NEMS12
LEVEL;;;;;2 m above gnd;2 m above gnd;MSL;sfc;sfc;sfc;high cld lay;mid cld lay;low cld lay;sfc;sfc;10 m above gnd;10 m above gnd;80 m above gnd;80 m above gnd;900 mb;900 mb;sfc
NAME;;;;;Temperature;Relative Humidity;Mean Sea Level Pressure;Total Precipitation;Snowfall amount raw;Total Cloud Cover;High Cloud Cover;Medium Cloud Cover;Low Cloud Cover;Sunshine Duration;Shortwave Radiation;Wind Speed;Wind Direction;Wind Speed;Wind Direction;Wind Speed;Wind Direction;Wind Gust
UNIT;;;;;째C;%;hPa;mm;cm;%;%;%;%;min;W/m2;km/h;째;km/h;째;km/h;째;km/h
AGGREGATION;;;;;;;;;;;;;;;;;;;;;;

UTC_OFFSET;;;;;3;3;3;3;3;3;3;3;3;3;3;3;3;3;3;3;3;3

Year;Month;Day;Hour;Minute;Temperature  [2 m above gnd];Relative Humidity  [2 m above gnd];Mean Sea Level Pressure  [MSL];Total Precipitation  [sfc];Snowfall amount raw  [sfc];Total Cloud Cover  [sfc];High Cloud Cover  [high cld lay];Medium Cloud Cover  [mid cld lay];Low Cloud Cover  [low cld lay];Sunshine Duration  [sfc];Shortwave Radiation  [sfc];Wind Speed  [10 m above gnd];Wind Direction  [10 m above gnd];Wind Speed  [80 m above gnd];Wind Direction  [80 m above gnd];Wind Speed  [900 mb];Wind Direction  [900 mb];Wind Gust  [sfc]
2018;01;16;00;00;-5.09;84.00;1025.00;0.00;0.00;100.00;0.00;73.00;100.00;0.00;0.00;26.87;162.05;32.59;163.97;37.82;178.36;29.52
2018;01;16;01;00;-5.08;84.00;1024.40;0.00;0.00;100.00;0.00;18.00;100.00;0.00;0.00;27.45;163.23;33.09;165.51;40.33;178.47;30.24
2018;01;16;02;00;-5.10;83.00;1023.90;0.00;0.00;100.00;0.00;2.00;100.00;0.00;0.00;28.48;163.86;34.23;165.38;42.85;178.56;32.04
2018;01;16;03;00;-5.17;83.00;1023.10;0.00;0.00;100.00;0.00;0.00;100.00;0.00;0.00;29.28;163.57;35.11;164.54;45.36;180.00;33.12
2018;01;16;04;00;-5.25;83.00;1022.50;0.00;0.00;31.00;0.00;0.00;31.00;0.00;0.00;29.60;161.57;36.10;163.19;46.09;181.34;34.20
2018;01;16;05;00;-5.42;83.00;1021.70;0.00;0.00;24.00;0.00;0.00;24.00;0.00;0.00;30.30;159.84;36.09;161.38;46.17;183.58;34.20
2018;01;16;06;00;-5.71;84.00;1021.10;0.00;0.00;100.00;0.00;0.00;100.00;0.00;0.00;30.35;157.69;36.45;159.78;46.25;184.91;33.84
2018;01;16;07;00;-6.07;86.00;1020.50;0.00;0.00;100.00;0.00;0.00;100.00;0.00;0.00;31.35;158.44;37.25;159.64;47.66;184.33;34.92
2018;01;16;08;00;-6.09;83.00;1019.50;0.00;0.00;100.00;0.00;0.00;100.00;0.00;0.00;32.70;159.37;39.84;161.57;50.14;183.70;36.72
2018;01;16;09;00;-6.25;82.00;1018.80;0.00;0.00;82.00;0.00;0.00;82.00;0.00;0.00;33.37;159.81;41.21;162.20;53.38;183.48;37.08
2018;01;16;10;00;-6.62;84.00;1018.50;0.00;0.00;34.00;0.00;0.00;34.00;5.64;0.00;32.62;157.96;40.11;158.96;54.80;183.01;36.36
2018;01;16;11;00;-6.29;84.00;1018.10;0.00;0.00;100.00;0.00;0.00;100.00;0.00;43.61;33.01;154.83;39.30;155.08;55.82;181.48;37.08
2018;01;16;12;00;-5.98;84.00;1017.30;0.00;0.00;100.00;0.00;0.00;100.00;0.00;95.23;35.28;155.27;40.94;156.14;57.96;180.71;39.96
2018;01;16;13;00;-5.49;82.00;1016.20;0.00;0.00;100.00;0.00;0.00;100.00;0.00;133.50;35.43;154.74;41.74;156.09;59.40;180.35;40.32
2018;01;16;14;00;-5.22;81.00;1015.50;0.00;0.00;41.00;0.00;0.00;41.00;33.83;150.41;34.94;153.70;40.91;155.01;59.77;178.96;39.96
2018;01;16;15;00;-6.53;77.00;1017.50;0.00;0.00;0.00;0.00;0.00;0.00;60.00;124.60;33.18;151.49;40.73;153.21;59.44;177.92;39.60
2018;01;16;16;00;-6.76;82.00;1016.50;0.00;0.00;29.00;0.00;0.00;29.00;17.73;65.86;33.77;148.51;41.31;149.64;58.72;173.31;39.60
2018;01;16;17;00;-7.10;86.00;1016.00;0.00;0.00;40.00;0.00;0.00;40.00;0.00;5.34;35.35;146.63;43.05;147.64;58.06;170.36;39.24
2018;01;16;18;00;-7.26;87.00;1015.80;0.00;0.00;46.00;0.00;0.00;46.00;0.00;0.00;36.08;143.93;44.24;145.28;59.39;167.40;39.24
2018;01;16;19;00;-7.03;86.00;1015.10;0.00;0.00;23.00;0.00;3.00;23.00;0.00;0.00;34.13;142.28;42.19;143.33;61.64;165.80;39.60
2018;01;16;20;00;-6.62;83.00;1013.90;0.00;0.00;44.00;0.00;44.00;0.00;0.00;0.00;33.00;140.75;41.90;143.03;62.21;163.87;40.68
2018;01;16;21;00;-6.59;83.00;1013.80;0.00;0.00;0.00;0.00;0.00;0.00;0.00;0.00;33.34;142.02;43.06;144.18;62.11;158.94;41.04
2018;01;16;22;00;-6.61;84.00;1012.90;0.00;0.00;0.00;0.00;0.00;0.00;0.00;0.00;33.85;141.91;43.49;143.41;62.18;155.36;43.56
2018;01;16;23;00;-6.56;85.00;1012.40;0.00;0.00;8.00;0.00;0.00;8.00;0.00;0.00;33.57;141.53;42.48;143.62;63.35;156.20;44.28
2018;01;17;00;00;-5.84;84.00;1011.80;0.00;0.00;100.00;0.00;4.00;100.00;0.00;0.00;36.75;145.38;44.23;146.96;69.93;163.24;45.36
2018;01;17;01;00;-5.50;83.00;1010.80;0.00;0.00;100.00;0.00;50.00;100.00;0.00;0.00;35.43;142.43;42.77;143.90;71.86;155.75;43.20
2018;01;17;02;00;-5.35;81.00;1010.60;0.00;0.00;100.00;0.00;90.00;100.00;0.00;0.00;35.59;141.16;43.13;142.46;68.47;151.41;43.20
2018;01;17;03;00;-5.41;81.00;1010.00;0.00;0.00;100.00;0.00;32.00;100.00;0.00;0.00;35.26;139.97;43.24;140.74;66.44;148.29;43.56
2018;01;17;04;00;-5.54;80.00;1008.60;0.00;0.00;100.00;0.00;0.00;100.00;0.00;0.00;35.89;135.41;43.80;136.33;64.23;142.74;43.20
2018;01;17;05;00;-5.60;78.00;1007.40;0.00;0.00;100.00;0.00;0.00;100.00;0.00;0.00;36.10;128.93;44.71;130.10;63.74;144.42;42.12
2018;01;17;06;00;-5.85;82.00;1006.40;0.00;0.00;100.00;0.00;0.00;100.00;0.00;0.00;39.27;121.50;47.83;123.33;69.34;142.59;44.28
2018;01;17;07;00;-5.38;87.00;1004.90;0.00;0.00;100.00;0.00;4.00;100.00;0.00;0.00;47.17;116.76;53.79;117.94;72.02;141.70;53.64
2018;01;17;08;00;-4.87;88.00;1003.90;0.00;0.00;100.00;0.00;0.00;100.00;0.00;0.00;47.38;126.35;53.64;127.64;70.73;144.53;54.00
2018;01;17;09;00;-5.62;78.00;1003.50;0.00;0.00;49.00;0.00;0.00;49.00;0.00;0.00;45.82;141.06;51.78;141.78;67.52;150.98;52.20
2018;01;17;10;00;-5.82;84.00;1002.90;0.00;0.00;100.00;0.00;0.00;100.00;0.00;0.00;43.15;125.15;48.55;125.34;71.59;146.07;51.12
2018;01;17;11;00;-4.93;86.00;1002.60;0.00;0.00;79.00;0.00;0.00;79.00;9.57;44.50;45.16;125.59;50.69;126.63;69.40;149.44;52.92
2018;01;17;12;00;-4.13;84.00;1001.10;0.00;0.00;100.00;0.00;0.00;100.00;0.00;95.23;45.66;127.95;50.66;129.23;76.31;153.07;53.28
2018;01;17;13;00;-3.06;88.00;999.80;0.10;0.07;100.00;0.00;0.00;100.00;0.00;108.58;46.75;119.53;52.11;120.28;78.51;144.71;53.64
2018;01;17;14;00;-2.26;88.00;999.00;0.00;0.00;100.00;24.00;12.00;100.00;0.00;129.05;50.18;126.54;56.45;127.75;79.34;148.55;56.52
2018;01;17;15;00;-4.07;82.00;1003.00;0.00;0.00;100.00;69.00;53.00;100.00;0.00;107.69;49.54;127.62;54.59;128.31;67.21;150.83;54.36
2018;01;17;16;00;-4.06;84.00;1002.80;0.00;0.00;100.00;28.00;100.00;100.00;0.00;60.52;49.82;123.80;55.92;124.51;69.53;148.12;54.72
2018;01;17;17;00;-4.22;85.00;1001.80;0.00;0.00;100.00;15.00;100.00;100.00;0.00;5.34;50.32;123.92;57.13;124.99;70.15;150.15;53.28
2018;01;17;18;00;-4.29;86.00;1001.40;0.00;0.00;100.00;11.00;100.00;100.00;0.00;0.00;50.02;124.15;56.83;125.20;69.87;153.70;55.44
2018;01;17;19;00;-4.03;87.00;1001.40;0.00;0.00;100.00;16.00;100.00;100.00;0.00;0.00;49.43;124.62;56.25;125.62;71.66;154.72;57.24
2018;01;17;20;00;-3.87;88.00;1000.50;0.00;0.00;100.00;21.00;100.00;100.00;0.00;0.00;49.73;124.38;57.33;125.29;71.32;153.95;55.44
2018;01;17;21;00;-4.08;85.00;1000.40;0.00;0.00;100.00;22.00;100.00;97.00;0.00;0.00;50.85;125.49;58.18;126.44;70.11;150.80;56.52
2018;01;17;22;00;-4.53;84.00;1000.60;0.00;0.00;100.00;28.00;100.00;100.00;0.00;0.00;51.06;125.82;58.39;126.73;72.25;150.11;59.04
2018;01;17;23;00;-4.77;84.00;999.80;0.00;0.00;100.00;100.00;100.00;94.00;0.00;0.00;49.32;123.69;56.12;124.81;67.60;146.73;56.16
2018;01;18;00;00;-4.78;84.00;999.10;0.00;0.00;100.00;100.00;100.00;84.00;0.00;0.00;48.05;119.64;54.70;120.45;66.03;142.76;54.36
2018;01;18;01;00;-4.61;84.00;998.60;0.00;0.00;100.00;100.00;100.00;94.00;0.00;0.00;48.96;115.25;55.71;116.07;71.81;140.08;58.68
2018;01;18;02;00;-4.41;85.00;998.10;0.00;0.00;100.00;100.00;100.00;100.00;0.00;0.00;51.07;111.50;57.63;112.40;74.71;138.32;64.08
2018;01;18;03;00;-4.32;87.00;997.40;0.00;0.00;100.00;97.00;100.00;100.00;0.00;0.00;53.52;109.65;60.38;110.60;76.88;135.00;64.08
2018;01;18;04;00;-4.42;89.00;996.80;0.10;0.07;100.00;100.00;100.00;100.00;0.00;0.00;54.42;108.91;61.73;110.13;84.51;135.35;61.56
2018;01;18;05;00;-4.44;88.00;995.90;0.10;0.07;100.00;48.00;100.00;100.00;0.00;0.00;54.90;110.34;62.57;111.25;79.70;139.76;57.24
2018;01;18;06;00;-4.28;88.00;995.60;0.10;0.07;100.00;0.00;100.00;100.00;0.00;0.00;54.02;111.09;61.51;112.36;72.75;141.43;55.44
2018;01;18;07;00;-4.11;88.00;995.20;0.00;0.00;100.00;0.00;0.00;100.00;0.00;0.00;52.23;113.56;59.59;115.02;63.94;142.55;54.00
2018;01;18;08;00;-4.05;89.00;994.50;0.00;0.00;100.00;0.00;83.00;100.00;0.00;0.00;51.05;115.48;58.12;116.88;64.01;138.42;54.72
2018;01;18;09;00;-3.84;88.00;994.10;0.00;0.00;100.00;0.00;100.00;100.00;0.00;0.00;52.18;117.98;59.48;119.36;70.80;140.16;56.52
2018;01;18;10;00;-3.67;88.00;993.60;0.00;0.00;100.00;0.00;100.00;100.00;0.00;0.00;52.20;118.86;59.83;119.96;75.21;144.94;59.76
2018;01;18;11;00;-3.16;88.00;993.50;0.00;0.00;100.00;0.00;100.00;100.00;0.00;39.16;54.34;119.79;61.49;120.62;72.92;148.11;59.76
2018;01;18;12;00;-2.55;88.00;992.90;0.00;0.00;100.00;0.00;2.00;100.00;0.00;94.34;56.11;123.49;62.71;124.24;70.37;152.26;62.28
2018;01;18;13;00;-1.83;88.00;992.30;0.00;0.00;100.00;0.00;0.00;100.00;0.00;118.37;54.99;129.42;61.54;130.49;69.73;157.54;61.56
2018;01;18;14;00;-1.19;88.00;992.50;0.00;0.00;100.00;10.00;2.00;100.00;0.00;105.91;51.44;136.70;57.34;137.80;67.52;162.63;59.04
2018;01;18;15;00;-3.16;84.00;998.20;0.00;0.00;100.00;0.00;71.00;100.00;0.00;102.35;30.50;120.50;32.17;121.73;30.61;131.19;32.04
2018;01;18;16;00;-2.86;87.00;998.00;0.00;0.00;100.00;0.00;36.00;100.00;0.00;63.19;28.22;119.84;30.50;120.50;31.63;131.31;28.80
2018;01;18;17;00;-2.94;90.00;997.40;0.00;0.00;100.00;0.00;5.00;100.00;0.00;8.01;25.01;120.26;28.28;121.46;33.39;138.06;27.00
2018;01;18;18;00;-3.29;95.00;997.00;0.00;0.00;100.00;0.00;16.00;100.00;0.00;0.00;20.17;124.82;26.37;128.90;34.13;153.71;23.04
2018;01;18;19;00;-3.01;94.00;997.00;0.00;0.00;100.00;0.00;100.00;100.00;0.00;0.00;18.58;135.78;25.08;140.83;34.93;171.70;24.48
2018;01;18;20;00;-2.53;94.00;996.70;0.00;0.00;100.00;0.00;100.00;91.00;0.00;0.00;17.91;149.83;23.84;154.98;32.74;188.22;26.28
2018;01;18;21;00;-2.05;93.00;997.30;0.00;0.00;100.00;3.00;100.00;90.00;0.00;0.00;20.27;167.69;25.41;172.67;30.51;199.29;24.12
2018;01;18;22;00;-2.34;92.00;997.40;0.00;0.00;83.00;4.00;50.00;83.00;0.00;0.00;24.13;178.29;29.89;181.38;29.08;201.80;29.16
2018;01;18;23;00;-2.54;90.00;997.40;0.00;0.00;100.00;2.00;4.00;100.00;0.00;0.00;27.38;177.74;31.68;180.00;30.76;200.56;28.44
2018;01;19;00;00;-2.63;91.00;998.00;0.00;0.00;85.00;0.00;79.00;85.00;0.00;0.00;28.48;177.10;32.05;178.71;33.90;202.48;31.68
2018;01;19;01;00;-2.97;93.00;998.20;0.00;0.00;100.00;0.00;100.00;31.00;0.00;0.00;27.40;176.99;33.13;178.75;36.32;199.69;32.40
2018;01;19;02;00;-3.22;94.00;998.90;0.00;0.00;60.00;0.00;60.00;28.00;0.00;0.00;26.32;176.86;34.56;180.00;39.28;199.27;29.16
2018;01;19;03;00;-3.67;95.00;999.40;0.00;0.00;9.00;0.00;0.00;9.00;0.00;0.00;24.44;170.68;33.99;174.53;42.55;209.38;29.52
2018;01;19;04;00;-3.87;95.00;999.60;0.00;0.00;23.00;0.00;0.00;23.00;0.00;0.00;24.38;163.71;33.39;168.81;42.66;211.54;29.52
2018;01;19;05;00;-3.75;96.00;999.70;0.00;0.00;33.00;0.00;0.00;33.00;0.00;0.00;24.38;163.71;33.56;170.74;37.84;207.78;29.52
2018;01;19;06;00;-3.54;96.00;1000.80;0.00;0.00;18.00;0.00;0.00;18.00;0.00;0.00;24.14;162.65;32.55;169.81;30.82;194.20;27.36
2018;01;19;07;00;-3.54;96.00;1001.60;0.00;0.00;81.00;7.00;2.00;81.00;0.00;0.00;24.74;158.66;32.22;161.77;29.70;173.74;28.44
2018;01;19;08;00;-3.42;94.00;1001.80;0.00;0.00;100.00;25.00;13.00;100.00;0.00;0.00;24.31;152.68;29.80;154.98;30.01;169.63;29.52
2018;01;19;09;00;-3.25;93.00;1001.70;0.00;0.00;100.00;60.00;99.00;100.00;0.00;0.00;22.77;145.30;27.06;146.94;28.36;171.97;29.52
2018;01;19;10;00;-3.14;93.00;1002.30;0.00;0.00;100.00;93.00;100.00;100.00;0.00;0.89;21.71;139.71;25.86;141.22;27.26;167.80;27.36
2018;01;19;11;00;-2.92;91.00;1002.70;0.00;0.00;100.00;100.00;100.00;100.00;0.00;50.73;20.36;135.00;22.15;135.66;26.76;156.19;25.56
2018;01;19;12;00;-2.55;88.00;1002.40;0.00;0.00;100.00;100.00;100.00;100.00;0.00;110.36;19.67;124.56;20.88;125.88;26.73;135.55;23.04
2018;01;19;13;00;-1.86;84.00;1002.30;0.00;0.00;100.00;100.00;100.00;100.00;0.00;141.51;19.67;113.75;20.45;116.11;30.46;118.99;23.40
2018;01;19;14;00;-1.33;82.00;1002.30;0.00;0.00;100.00;100.00;100.00;100.00;0.00;141.51;20.06;99.29;20.83;99.95;33.36;119.05;24.48
2018;01;19;15;00;-1.47;84.00;1006.30;0.00;0.00;100.00;99.00;100.00;100.00;0.00;124.60;20.77;98.97;22.67;100.06;26.42;109.92;21.96
2018;01;19;16;00;-1.86;89.00;1006.10;0.00;0.00;100.00;98.00;100.00;100.00;0.00;70.31;22.39;85.39;24.86;87.51;28.82;102.99;24.84
2018;01;19;17;00;-2.39;92.00;1005.80;0.00;0.00;100.00;100.00;100.00;100.00;0.00;8.90;23.59;74.05;27.42;76.33;31.56;101.18;28.08
2018;01;19;18;00;-2.39;91.00;1005.60;0.00;0.00;100.00;100.00;100.00;100.00;0.00;0.00;24.48;70.23;28.46;71.57;33.59;107.46;27.72
2018;01;19;19;00;-1.76;91.00;1005.10;0.00;0.00;100.00;100.00;100.00;100.00;0.00;0.00;24.70;71.30;28.59;73.16;35.57;111.37;28.08
2018;01;19;20;00;-1.22;94.00;1005.00;0.20;0.14;100.00;100.00;100.00;100.00;0.00;0.00;27.00;89.24;32.06;91.93;35.43;115.26;27.72
2018;01;19;21;00;-1.48;93.00;1004.40;0.50;0.35;100.00;100.00;100.00;100.00;0.00;0.00;30.16;113.20;35.58;117.08;34.65;119.23;31.32
2018;01;19;22;00;-2.09;93.00;1004.30;0.40;0.28;100.00;100.00;100.00;100.00;0.00;0.00;30.17;107.35;33.93;107.28;36.04;124.01;28.80
2018;01;19;23;00;-2.26;92.00;1004.10;0.30;0.21;100.00;100.00;100.00;100.00;0.00;0.00;30.12;104.53;33.83;106.70;39.46;133.89;30.24
2018;01;20;00;00;-2.32;93.00;1003.30;0.40;0.28;100.00;100.00;100.00;100.00;0.00;0.00;31.71;102.46;35.89;103.34;39.71;135.73;35.64
2018;01;20;01;00;-2.19;92.00;1003.00;0.20;0.14;100.00;100.00;100.00;100.00;0.00;0.00;33.25;109.61;37.50;111.39;39.60;139.79;35.64
2018;01;20;02;00;-2.01;91.00;1003.20;0.00;0.00;100.00;100.00;100.00;100.00;0.00;0.00;33.09;112.38;36.45;113.27;41.19;143.53;33.48
2018;01;20;03;00;-1.88;92.00;1002.80;0.00;0.00;100.00;95.00;100.00;100.00;0.00;0.00;33.19;114.34;36.87;116.06;40.90;143.23;33.84
2018;01;20;04;00;-1.84;92.00;1002.60;0.00;0.00;100.00;100.00;100.00;100.00;0.00;0.00;33.81;116.57;37.84;117.78;39.46;144.28;34.20
2018;01;20;05;00;-1.92;92.00;1002.10;0.00;0.00;100.00;93.00;40.00;100.00;0.00;0.00;34.94;117.62;38.82;118.23;39.03;142.50;35.64
2018;01;20;06;00;-2.03;92.00;1002.20;0.00;0.00;100.00;100.00;51.00;100.00;0.00;0.00;35.75;117.60;39.97;119.10;38.24;142.27;36.00
2018;01;20;07;00;-2.15;92.00;1001.80;0.00;0.00;100.00;100.00;76.00;100.00;0.00;0.00;35.75;117.60;39.97;119.10;37.67;141.60;36.36
2018;01;20;08;00;-2.17;92.00;1001.20;0.00;0.00;100.00;91.00;100.00;100.00;0.00;0.00;36.58;118.84;40.63;119.74;37.30;143.24;36.36
2018;01;20;09;00;-2.13;92.00;1001.00;0.00;0.00;100.00;86.00;100.00;100.00;0.00;0.00;36.80;120.58;41.37;121.48;36.79;143.35;36.00
2018;01;20;10;00;-2.18;91.00;1000.80;0.00;0.00;100.00;29.00;100.00;100.00;0.00;0.89;37.48;121.25;41.94;122.74;34.92;142.54;36.00
2018;01;20;11;00;-2.08;90.00;1001.10;0.00;0.00;100.00;2.00;100.00;100.00;0.00;41.83;38.35;122.35;42.14;123.15;33.57;141.53;36.36
2018;01;20;12;00;-2.07;89.00;1000.50;0.10;0.07;100.00;0.00;100.00;100.00;0.00;80.99;37.75;122.93;40.74;123.83;32.45;139.95;34.20
2018;01;20;13;00;-1.93;88.00;999.80;0.10;0.07;100.00;0.00;86.00;100.00;0.00;100.57;36.64;123.38;38.84;124.43;31.16;139.69;32.40
2018;01;20;14;00;-1.55;82.00;999.90;0.00;0.00;100.00;0.00;88.00;100.00;0.00;132.61;34.76;121.88;36.75;122.60;28.82;138.54;31.68
2018;01;20;15;00;-2.14;78.00;1007.30;0.00;0.00;100.00;0.00;1.00;100.00;0.00;117.48;21.25;128.81;21.44;130.91;16.87;140.19;17.64
2018;01;20;16;00;-2.35;82.00;1006.90;0.00;0.00;100.00;1.00;4.00;100.00;0.00;73.87;20.77;123.69;21.18;125.31;15.86;140.53;16.92
2018;01;20;17;00;-2.68;86.00;1007.10;0.00;0.00;97.00;16.00;8.00;97.00;0.00;11.57;20.61;117.01;21.75;118.69;14.57;140.01;16.20
2018;01;20;18;00;-2.92;88.00;1006.80;0.00;0.00;100.00;23.00;25.00;100.00;0.00;0.00;21.13;113.07;22.55;114.52;12.82;141.84;20.52
2018;01;20;19;00;-3.10;88.00;1006.70;0.00;0.00;100.00;21.00;24.00;100.00;0.00;0.00;21.46;112.69;22.88;114.15;10.30;143.53;20.16
2018;01;20;20;00;-3.31;89.00;1006.80;0.00;0.00;100.00;21.00;24.00;100.00;0.00;0.00;21.27;113.96;22.55;114.52;7.20;143.13;18.36
2018;01;20;21;00;-3.47;89.00;1006.50;0.00;0.00;100.00;22.00;26.00;100.00;0.00;0.00;20.62;114.78;21.42;114.84;4.39;124.99;15.12
2018;01;20;22;00;-3.57;88.00;1006.60;0.00;0.00;100.00;22.00;26.00;100.00;0.00;0.00;20.14;114.27;20.62;114.78;3.60;90.00;15.12
2018;01;20;23;00;-3.71;88.00;1006.30;0.00;0.00;100.00;24.00;34.00;100.00;0.00;0.00;19.67;113.75;20.14;114.27;4.55;71.57;14.76
2018;01;21;00;00;-3.88;88.00;1006.20;0.00;0.00;100.00;24.00;30.00;100.00;0.00;0.00;17.92;112.44;18.39;113.05;5.50;58.39;13.68
2018;01;21;01;00;-3.99;88.00;1006.20;0.00;0.00;100.00;26.00;31.00;100.00;0.00;0.00;15.48;107.59;15.60;108.85;6.37;42.71;11.88
2018;01;21;02;00;-4.06;87.00;1006.40;0.00;0.00;100.00;28.00;43.00;100.00;0.00;0.00;13.80;97.50;13.91;100.44;7.70;37.41;11.52
2018;01;21;03;00;-4.11;87.00;1006.40;0.00;0.00;100.00;28.00;92.00;100.00;0.00;0.00;12.96;88.41;12.96;90.00;8.50;36.38;10.80
2018;01;21;04;00;-4.13;87.00;1005.80;0.00;0.00;100.00;28.00;100.00;100.00;0.00;0.00;12.50;78.37;12.07;79.70;8.22;28.81;10.44
2018;01;21;05;00;-4.14;86.00;1005.60;0.00;0.00;100.00;27.00;100.00;100.00;0.00;0.00;12.30;69.44;12.18;71.03;7.75;21.80;10.08
2018;01;21;06;00;-4.14;85.00;1005.80;0.00;0.00;100.00;22.00;100.00;100.00;0.00;0.00;12.25;65.70;11.77;66.57;6.57;9.46;12.60
2018;01;21;07;00;-4.18;85.00;1005.70;0.00;0.00;100.00;21.00;100.00;100.00;0.00;0.00;12.07;63.43;12.10;67.25;5.41;356.19;9.36
2018;01;21;08;00;-4.26;86.00;1005.10;0.10;0.07;100.00;22.00;100.00;100.00;0.00;0.00;11.11;65.10;11.30;67.52;4.90;323.97;8.64
2018;01;21;09;00;-4.29;86.00;1004.80;0.10;0.07;100.00;23.00;100.00;100.00;0.00;0.00;9.50;65.38;9.57;70.20;5.48;293.20;9.72
2018;01;21;10;00;-3.81;85.00;1005.20;0.00;0.00;100.00;19.00;99.00;100.00;0.00;1.78;6.76;64.80;6.73;74.48;7.93;272.60;9.00
2018;01;21;11;00;-2.54;83.00;1005.30;0.00;0.00;100.00;17.00;93.00;100.00;0.00;51.62;3.10;54.46;3.42;71.57;9.42;263.42;7.20
2018;01;21;12;00;-2.43;81.00;1005.50;0.00;0.00;100.00;16.00;75.00;100.00;0.00;103.24;1.84;348.69;1.08;360.00;10.04;255.47;6.84
2018;01;21;13;00;-3.63;81.00;1005.40;0.00;0.00;100.00;16.00;52.00;100.00;0.00;129.05;4.83;296.57;4.21;289.98;11.17;249.23;13.32
2018;01;21;14;00;-3.91;79.00;1005.90;0.00;0.00;100.00;11.00;11.00;100.00;0.00;135.28;9.26;283.50;9.11;279.09;13.10;249.08;16.92
2018;01;21;15;00;-6.84;77.00;1010.20;0.00;0.00;100.00;100.00;100.00;100.00;0.00;97.01;10.70;19.65;9.57;19.80;4.10;15.26;8.28
2018;01;21;16;00;-6.82;77.00;1010.20;0.00;0.00;100.00;99.00;100.00;100.00;0.00;62.30;10.83;15.42;10.04;14.53;5.05;355.91;10.08
2018;01;21;17;00;-6.86;78.00;1010.60;0.00;0.00;100.00;100.00;100.00;100.00;0.00;10.68;11.01;11.31;10.24;10.12;6.38;343.61;10.44
2018;01;21;18;00;-6.82;78.00;1011.20;0.00;0.00;100.00;100.00;100.00;100.00;0.00;0.00;9.42;6.58;8.67;4.76;7.24;333.43;10.44
2018;01;21;19;00;-6.83;77.00;1011.10;0.00;0.00;100.00;100.00;100.00;100.00;0.00;0.00;8.67;355.24;7.99;352.23;8.71;330.26;10.44
2018;01;21;20;00;-6.80;75.00;1011.60;0.00;0.00;100.00;97.00;96.00;100.00;0.00;0.00;8.56;337.75;8.05;333.43;10.30;323.53;9.36
2018;01;21;21;00;-6.83;75.00;1011.60;0.00;0.00;100.00;96.00;96.00;100.00;0.00;0.00;9.18;318.18;9.16;315.00;11.25;320.19;10.44
2018;01;21;22;00;-6.90;74.00;1011.30;0.00;0.00;100.00;98.00;100.00;100.00;0.00;0.00;11.53;308.66;11.81;307.57;12.89;324.09;13.32
2018;01;21;23;00;-6.89;73.00;1011.60;0.00;0.00;100.00;98.00;100.00;99.00;0.00;0.00;12.89;305.91;13.39;306.25;14.17;332.78;14.40
2018;01;22;00;00;-6.81;74.00;1011.80;0.00;0.00;100.00;97.00;100.00;90.00;0.00;0.00;13.40;300.70;14.39;301.70;14.81;334.06;14.40
2018;01;22;01;00;-6.69;75.00;1011.40;0.00;0.00;100.00;33.00;100.00;100.00;0.00;0.00;13.85;294.57;14.33;295.28;15.19;323.67;14.40
2018;01;22;02;00;-6.47;78.00;1011.50;0.00;0.00;100.00;8.00;100.00;100.00;0.00;0.00;14.46;288.89;15.03;286.70;15.70;306.61;15.12
2018;01;22;03;00;-6.26;79.00;1011.80;0.00;0.00;100.00;3.00;71.00;100.00;0.00;0.00;15.28;285.02;16.10;280.30;17.08;288.43;16.92
2018;01;22;04;00;-6.26;80.00;1011.10;0.00;0.00;100.00;12.00;41.00;100.00;0.00;0.00;15.79;294.23;15.94;288.43;18.53;277.82;20.52
2018;01;22;05;00;-6.63;83.00;1011.30;0.00;0.00;100.00;12.00;25.00;100.00;0.00;0.00;17.32;313.32;17.57;315.83;19.35;279.64;21.60
2018;01;22;06;00;-7.62;85.00;1011.50;0.00;0.00;70.00;8.00;20.00;70.00;0.00;0.00;19.73;321.67;21.67;327.89;20.72;287.18;21.96
2018;01;22;07;00;-8.63;82.00;1011.90;0.00;0.00;42.00;3.00;12.00;42.00;0.00;0.00;18.86;311.91;23.17;314.37;24.49;294.30;21.96
2018;01;22;08;00;-8.90;80.00;1011.50;0.00;0.00;39.00;10.00;5.00;39.00;0.00;0.00;17.87;297.60;24.83;299.54;28.16;302.47;22.32
2018;01;22;09;00;-8.90;81.00;1011.30;0.00;0.00;42.00;8.00;13.00;42.00;0.00;0.00;18.86;293.63;26.61;300.03;31.26;308.45;23.40
2018;01;22;10;00;-9.21;84.00;1011.60;0.00;0.00;7.00;2.00;7.00;1.00;18.17;2.67;19.34;294.18;27.86;302.87;30.98;308.87;25.56
2018;01;22;11;00;-9.09;83.00;1011.20;0.00;0.00;2.00;0.00;2.00;1.00;58.72;67.64;21.07;289.98;28.34;297.22;29.81;307.15;26.28
2018;01;22;12;00;-8.87;81.00;1011.00;0.00;0.00;2.00;0.00;0.00;2.00;58.72;136.17;24.48;289.77;28.04;294.26;31.76;305.31;28.08
2018;01;22;13;00;-8.60;81.00;1011.20;0.00;0.00;0.00;0.00;0.00;0.00;60.00;169.10;26.21;290.92;27.42;293.20;36.25;302.43;29.52
2018;01;22;14;00;-8.53;77.00;1011.40;0.00;0.00;0.00;0.00;0.00;0.00;60.00;175.33;27.22;290.11;27.61;292.22;41.75;299.44;30.24
2018;01;22;15;00;-7.79;74.00;1011.20;0.00;0.00;96.00;0.00;0.00;96.00;0.00;145.07;13.04;309.40;12.54;309.17;33.88;284.77;15.12
2018;01;22;16;00;-7.80;74.00;1010.70;0.00;0.00;100.00;0.00;0.00;100.00;0.00;86.33;10.63;331.70;10.00;329.74;28.88;280.05;12.96
2018;01;22;17;00;-7.91;76.00;1010.80;0.00;0.00;100.00;0.00;0.00;100.00;0.00;15.13;10.44;360.00;9.73;2.12;25.29;274.90;11.88
2018;01;22;18;00;-8.00;77.00;1010.90;0.00;0.00;98.00;0.00;0.00;98.00;0.00;0.00;11.18;14.93;10.59;17.82;24.13;271.71;11.88
2018;01;22;19;00;-8.13;78.00;1011.20;0.00;0.00;96.00;0.00;0.00;96.00;0.00;0.00;11.17;20.77;10.31;24.78;23.76;270.87;12.96
2018;01;22;20;00;-8.25;79.00;1011.60;0.00;0.00;95.00;0.00;0.00;95.00;0.00;0.00;10.16;22.93;9.50;24.62;23.77;271.74;12.60
2018;01;22;21;00;-8.35;80.00;1011.40;0.00;0.00;97.00;0.00;0.00;97.00;0.00;0.00;9.11;18.43;7.97;18.43;24.55;274.21;12.24
2018;01;22;22;00;-8.34;80.00;1011.60;0.00;0.00;96.00;0.00;0.00;96.00;0.00;0.00;8.47;12.26;7.34;11.31;25.36;276.52;11.52
2018;01;22;23;00;-8.32;80.00;1012.10;0.00;0.00;98.00;0.00;0.00;98.00;0.00;0.00;7.99;7.77;6.92;8.97;25.05;277.43;11.52
2018;01;23;00;00;-8.32;80.00;1012.40;0.00;0.00;100.00;0.00;0.00;100.00;0.00;0.00;7.57;2.73;6.48;360.00;25.33;275.71;11.52
2018;01;23;01;00;-8.49;79.00;1013.00;0.00;0.00;100.00;0.00;2.00;100.00;0.00;0.00;7.57;357.27;6.85;356.99;25.68;275.63;11.88
2018;01;23;02;00;-8.70;79.00;1013.30;0.00;0.00;99.00;0.00;21.00;99.00;0.00;0.00;7.28;351.47;6.57;350.54;26.84;276.93;12.60
2018;01;23;03;00;-8.86;78.00;1013.80;0.00;0.00;87.00;0.00;33.00;87.00;0.00;0.00;7.17;342.47;6.29;336.37;28.27;276.58;13.32
2018;01;23;04;00;-9.10;77.00;1014.10;0.00;0.00;77.00;0.00;22.00;77.00;0.00;0.00;7.20;323.13;6.37;317.29;30.68;274.04;13.68
2018;01;23;05;00;-9.35;77.00;1014.30;0.00;0.00;83.00;0.00;26.00;83.00;0.00;0.00;7.93;309.47;7.10;300.47;32.06;271.93;13.68
2018;01;23;06;00;-9.46;76.00;1015.20;0.00;0.00;99.00;0.00;35.00;99.00;0.00;0.00;9.59;304.29;9.20;300.58;32.78;271.89;14.40
2018;01;23;07;00;-9.59;76.00;1015.90;0.00;0.00;100.00;0.00;34.00;100.00;0.00;0.00;10.69;302.62;10.50;300.96;32.78;271.89;15.12
2018;01;23;08;00;-9.72;75.00;1015.70;0.00;0.00;100.00;0.00;38.00;100.00;0.00;0.00;11.17;290.77;11.04;289.03;33.50;271.85;15.48
2018;01;23;09;00;-9.67;77.00;1016.10;0.00;0.00;93.00;0.00;18.00;93.00;0.00;0.00;12.43;280.01;12.37;278.37;35.67;272.31;16.56
2018;01;23;10;00;-9.44;78.00;1016.80;0.00;0.00;76.00;0.00;0.00;76.00;4.14;3.56;13.70;266.99;13.76;263.99;36.74;271.68;18.00
2018;01;23;11;00;-9.06;78.00;1017.00;0.00;0.00;57.00;0.00;0.00;57.00;23.62;64.97;16.33;255.96;16.86;253.89;38.17;271.08;20.52
2018;01;23;12;00;-8.71;77.00;1017.70;0.00;0.00;43.00;0.00;17.00;43.00;32.55;135.28;19.48;253.91;20.38;252.53;40.32;270.00;23.76
2018;01;23;13;00;-8.49;78.00;1018.40;0.00;0.00;43.00;0.00;0.00;43.00;32.55;178.89;22.53;257.07;23.66;256.81;42.84;270.00;27.72
2018;01;23;14;00;-7.88;78.00;1019.10;0.00;0.00;50.00;0.00;4.00;50.00;28.09;186.01;24.10;256.17;25.23;255.96;45.36;270.00;29.52
2018;01;23;15;00;-9.24;81.00;1021.50;0.00;0.00;1.00;0.00;0.00;1.00;59.36;159.31;19.16;264.61;22.07;264.38;42.27;274.89;25.56
2018;01;23;16;00;-9.61;81.00;1022.40;0.00;0.00;0.00;0.00;0.00;0.00;60.00;92.56;18.73;267.80;22.33;268.15;43.03;279.15;24.48
2018;01;23;17;00;-10.19;82.00;1022.60;0.00;0.00;0.00;0.00;0.00;0.00;42.67;17.80;16.56;268.75;19.80;268.96;43.48;284.38;25.20
2018;01;23;18;00;-10.33;80.00;1023.20;0.00;0.00;0.00;0.00;0.00;0.00;0.00;0.00;14.80;265.82;16.98;265.14;43.72;288.73;24.12
2018;01;23;19;00;-10.10;79.00;1023.70;0.00;0.00;0.00;0.00;0.00;0.00;0.00;0.00;12.66;255.17;14.15;255.26;42.12;288.43;20.88
2018;01;23;20;00;-9.67;79.00;1023.60;0.00;0.00;3.00;0.00;0.00;3.00;0.00;0.00;11.27;243.43;12.25;245.70;40.51;284.41;20.16
2018;01;23;21;00;-8.70;80.00;1024.00;0.00;0.00;100.00;0.00;0.00;100.00;0.00;0.00;10.74;230.44;11.59;233.84;37.47;278.29;19.80
2018;01;23;22;00;-7.91;82.00;1024.20;0.00;0.00;4.00;0.00;0.00;4.00;0.00;0.00;10.19;212.01;11.59;216.16;34.68;265.24;18.00
2018;01;23;23;00;-7.84;88.00;1024.20;0.00;0.00;3.00;0.00;0.00;3.00;0.00;0.00;10.54;187.85;14.24;196.14;36.10;260.82;20.16
2018;01;24;00;00;-7.50;91.00;1023.80;0.00;0.00;10.00;0.00;0.00;10.00;0.00;0.00;12.98;176.82;18.13;186.84;40.59;263.38;19.08
2018;01;24;01;00;-6.39;92.00;1023.50;0.00;0.00;100.00;0.00;0.00;100.00;0.00;0.00;15.58;173.37;20.19;183.07;40.35;254.48;21.60
2018;01;24;02;00;-5.00;94.00;1023.30;0.00;0.00;100.00;0.00;0.00;100.00;0.00;0.00;18.00;178.85;20.67;187.00;36.55;252.81;23.40
2018;01;24;03;00;-4.42;95.00;1022.90;0.00;0.00;44.00;0.00;0.00;44.00;0.00;0.00;17.34;184.76;21.22;194.74;35.71;255.40;24.84
2018;01;24;04;00;-3.75;94.00;1022.50;0.00;0.00;100.00;0.00;42.00;100.00;0.00;0.00;17.87;189.27;22.26;194.04;36.25;237.57;26.64
2018;01;24;05;00;-3.92;94.00;1022.20;0.00;0.00;100.00;0.00;17.00;100.00;0.00;0.00;21.75;192.43;26.21;195.95;37.73;217.64;28.44
2018;01;24;06;00;-4.46;92.00;1022.00;0.00;0.00;100.00;0.00;100.00;100.00;0.00;0.00;23.86;191.31;26.02;194.42;43.99;208.87;33.48
2018;01;24;07;00;-4.32;88.00;1021.40;0.00;0.00;100.00;0.00;43.00;100.00;0.00;0.00;26.28;189.46;29.52;192.68;52.01;207.63;34.20
2018;01;24;08;00;-4.44;88.00;1020.40;0.00;0.00;80.00;0.00;62.00;80.00;0.00;0.00;27.51;186.01;31.72;189.14;59.83;225.73;38.52
2018;01;24;09;00;-4.47;86.00;1019.40;0.00;0.00;87.00;1.00;77.00;87.00;0.00;0.00;29.17;178.59;35.29;181.17;55.23;217.32;37.44
2018;01;24;10;00;-4.30;84.00;1018.30;0.00;0.00;79.00;2.00;79.00;74.00;3.78;4.45;32.20;174.23;37.86;176.73;58.12;206.88;39.60
2018;01;24;11;00;-3.76;79.00;1018.10;0.00;0.00;78.00;4.00;78.00;26.00;10.21;72.09;36.22;173.72;41.53;175.53;64.05;202.82;43.20
2018;01;24;12;00;-3.21;77.00;1017.00;0.00;0.00;100.00;65.00;100.00;35.00;0.00;125.49;39.73;175.32;44.40;175.82;71.20;202.29;47.52
2018;01;24;13;00;-2.66;75.00;1015.50;0.00;0.00;100.00;100.00;100.00;100.00;0.00;130.83;41.89;175.56;46.55;176.01;75.61;201.80;50.40
2018;01;24;14;00;-2.22;76.00;1015.20;0.00;0.00;100.00;100.00;100.00;100.00;0.00;109.47;44.04;175.78;49.76;176.68;80.10;200.80;52.92
2018;01;24;15;00;-3.00;75.00;1014.20;0.00;0.00;100.00;100.00;100.00;100.00;0.00;89.00;44.09;171.08;53.41;172.25;75.35;206.08;50.76
2018;01;24;16;00;-2.77;77.00;1013.20;0.00;0.00;100.00;100.00;100.00;100.00;0.00;45.39;44.57;173.51;54.23;174.67;81.31;202.93;52.56
2018;01;24;17;00;-3.09;87.00;1012.50;0.10;0.07;100.00;95.00;100.00;100.00;0.00;7.12;57.10;174.94;65.02;175.24;90.50;205.44;66.24
2018;01;24;18;00;-3.06;89.00;1012.20;0.20;0.14;100.00;16.00;100.00;100.00;0.00;0.00;57.96;180.00;65.90;181.25;90.57;210.85;64.44
2018;01;24;19;00;-3.01;90.00;1012.10;0.30;0.21;100.00;0.00;100.00;100.00;0.00;0.00;59.80;182.07;68.12;182.73;88.46;213.88;63.72
2018;01;24;20;00;-2.85;86.00;1011.30;0.10;0.07;100.00;0.00;86.00;100.00;0.00;0.00;60.30;184.45;69.10;185.68;79.42;217.08;61.20
2018;01;24;21;00;-2.84;86.00;1010.90;0.10;0.07;100.00;0.00;0.00;100.00;0.00;0.00;58.32;186.38;67.16;187.39;64.71;222.75;56.52
2018;01;24;22;00;-2.77;86.00;1010.70;0.10;0.07;100.00;0.00;0.00;100.00;0.00;0.00;56.36;188.08;64.51;188.99;55.02;227.12;52.92
2018;01;24;23;00;-2.66;87.00;1010.20;0.10;0.07;100.00;3.00;0.00;100.00;0.00;0.00;52.62;189.85;60.09;190.70;51.58;229.53;51.12
2018;01;25;00;00;-2.47;87.00;1009.90;0.00;0.00;100.00;6.00;44.00;100.00;0.00;0.00;49.30;189.67;56.41;190.66;51.95;226.68;50.04
2018;01;25;01;00;-2.34;88.00;1009.50;0.00;0.00;100.00;3.00;43.00;100.00;0.00;0.00;48.18;189.46;55.64;190.44;56.62;221.39;49.68
2018;01;25;02;00;-2.21;90.00;1009.00;0.00;0.00;100.00;11.00;52.00;100.00;0.00;0.00;47.43;186.10;55.15;187.13;58.13;218.72;51.12
2018;01;25;03;00;-2.01;90.00;1008.60;0.00;0.00;100.00;30.00;100.00;100.00;0.00;0.00;48.98;181.68;56.56;182.19;60.72;218.50;52.92
2018;01;25;04;00;-1.63;90.00;1007.10;0.00;0.00;100.00;100.00;100.00;100.00;0.00;0.00;52.20;180.79;60.15;181.71;63.53;221.09;56.88
2018;01;25;05;00;-1.19;91.00;1006.00;0.00;0.00;100.00;100.00;100.00;100.00;0.00;0.00;54.39;178.10;63.38;178.70;70.15;209.85;63.72
2018;01;25;06;00;-0.77;92.00;1005.20;0.00;0.00;100.00;100.00;100.00;100.00;0.00;0.00;58.12;175.74;67.80;176.65;87.91;207.30;69.12
2018;01;25;07;00;-0.42;93.00;1003.60;0.00;0.00;100.00;100.00;100.00;100.00;0.00;0.00;60.72;174.90;70.74;175.91;93.37;209.83;70.56
2018;01;25;08;00;-0.10;95.00;1002.30;0.00;0.00;100.00;100.00;100.00;100.00;0.00;0.00;63.02;178.69;73.45;179.16;100.27;210.89;73.80
2018;01;25;09;00;0.77;94.00;1001.70;0.90;0.00;100.00;100.00;100.00;100.00;0.00;0.00;61.94;186.34;71.18;187.56;101.24;216.18;73.08
2018;01;25;10;00;0.99;94.00;1001.30;1.50;0.00;100.00;100.00;100.00;100.00;0.00;0.89;59.09;191.24;68.29;192.79;85.82;223.47;67.32
2018;01;25;11;00;1.54;94.00;1001.70;1.20;0.00;100.00;100.00;100.00;100.00;0.00;12.46;58.67;194.21;68.74;195.49;73.67;227.97;64.08
2018;01;25;12;00;2.03;92.00;1001.40;0.40;0.00;100.00;100.00;100.00;100.00;0.00;40.94;58.19;199.89;67.39;201.63;72.22;232.90;65.88
2018;01;25;13;00;2.40;93.00;1000.60;0.30;0.00;100.00;100.00;100.00;100.00;0.00;48.95;53.63;205.02;62.47;206.71;75.08;239.13;61.56
2018;01;25;14;00;3.32;90.00;1001.90;0.00;0.00;100.00;100.00;100.00;93.00;0.00;102.35;50.91;208.74;59.34;209.83;74.62;240.84;59.40
2018;01;25;15;00;1.51;90.00;1002.10;0.20;0.00;100.00;100.00;100.00;100.00;0.00;48.95;56.58;203.63;65.40;204.73;72.62;242.55;63.36
2018;01;25;16;00;1.79;92.00;1001.80;0.00;0.00;100.00;100.00;100.00;100.00;0.00;48.95;52.33;207.45;61.05;208.53;72.62;242.55;60.84
2018;01;25;17;00;1.70;97.00;1002.40;0.00;0.00;100.00;100.00;100.00;100.00;0.00;16.91;48.50;208.85;57.79;210.72;72.95;242.04;56.16
2018;01;25;18;00;1.71;98.00;1002.90;0.00;0.00;100.00;100.00;100.00;100.00;0.00;0.00;47.11;210.29;56.63;212.28;73.27;242.18;54.00
2018;01;25;19;00;1.90;98.00;1003.60;0.00;0.00;100.00;100.00;100.00;100.00;0.00;0.00;46.53;213.32;56.04;215.32;73.74;243.31;57.60
2018;01;25;20;00;2.06;98.00;1004.30;0.00;0.00;100.00;99.00;5.00;100.00;0.00;0.00;46.16;218.03;55.45;220.00;77.45;242.60;57.60
2018;01;25;21;00;2.07;98.00;1004.80;0.00;0.00;100.00;21.00;0.00;100.00;0.00;0.00;45.14;221.44;54.76;223.14;77.61;244.15;56.16
2018;01;25;22;00;2.00;98.00;1005.70;0.00;0.00;100.00;31.00;1.00;100.00;0.00;0.00;44.55;224.02;53.72;225.81;73.65;246.07;54.72
2018;01;25;23;00;1.89;98.00;1006.40;0.00;0.00;100.00;28.00;1.00;100.00;0.00;0.00;44.05;225.99;52.74;227.49;70.77;246.30;53.64
2018;01;26;00;00;1.69;97.00;1007.00;0.00;0.00;100.00;30.00;3.00;100.00;0.00;0.00;43.04;226.69;51.51;228.40;68.35;246.41;52.92
2018;01;26;01;00;1.41;97.00;1007.60;0.00;0.00;100.00;27.00;7.00;100.00;0.00;0.00;42.81;227.73;50.53;229.04;66.09;246.23;46.80
2018;01;26;02;00;1.24;97.00;1008.70;0.00;0.00;100.00;100.00;100.00;100.00;0.00;0.00;41.53;227.46;49.24;228.85;63.53;246.63;45.72
2018;01;26;03;00;1.13;96.00;1009.40;0.00;0.00;100.00;100.00;100.00;100.00;0.00;0.00;41.25;226.41;48.43;228.01;62.31;247.58;45.00
2018;01;26;04;00;1.07;96.00;1009.30;0.00;0.00;100.00;100.00;100.00;100.00;0.00;0.00;40.22;225.00;47.62;226.53;60.84;247.38;43.56
2018;01;26;05;00;1.06;96.00;1009.80;0.00;0.00;100.00;100.00;100.00;100.00;0.00;0.00;39.21;224.26;46.85;226.25;58.76;247.68;43.20
2018;01;26;06;00;1.05;96.00;1010.70;0.00;0.00;100.00;100.00;86.00;100.00;0.00;0.00;38.45;223.86;46.08;225.32;55.45;246.26;42.12
2018;01;26;07;00;0.98;96.00;1011.20;0.00;0.00;100.00;100.00;100.00;100.00;0.00;0.00;37.97;222.31;45.31;224.36;53.33;245.68;41.40
2018;01;26;08;00;0.93;96.00;1011.50;0.00;0.00;100.00;100.00;100.00;100.00;0.00;0.00;37.46;222.27;44.81;223.70;51.39;245.59;41.04
2018;01;26;09;00;0.83;96.00;1011.40;0.00;0.00;100.00;65.00;100.00;100.00;0.00;0.00;36.18;222.58;43.03;223.98;51.90;246.28;42.12
2018;01;26;10;00;0.92;96.00;1012.30;0.00;0.00;100.00;84.00;100.00;100.00;0.00;4.45;34.41;222.03;40.99;223.93;52.20;245.56;37.80
2018;01;26;11;00;1.25;94.00;1013.10;0.00;0.00;100.00;71.00;100.00;100.00;0.00;45.39;34.17;221.58;39.48;223.15;49.76;241.95;37.44
2018;01;26;12;00;1.63;92.00;1013.20;0.00;0.00;100.00;90.00;100.00;100.00;0.00;87.22;33.86;223.71;37.42;224.61;48.65;238.31;38.16
2018;01;26;13;00;1.98;90.00;1013.70;0.00;0.00;100.00;100.00;100.00;100.00;0.00;113.92;32.08;225.91;34.37;226.27;48.43;237.14;36.36
2018;01;26;14;00;2.25;89.00;1014.40;0.00;0.00;100.00;100.00;100.00;100.00;0.00;125.49;30.04;225.97;31.82;225.46;47.03;236.55;33.84
2018;01;26;15;00;3.13;92.00;1016.00;0.00;0.00;100.00;100.00;100.00;100.00;0.00;65.86;19.69;210.78;21.87;212.91;40.50;239.56;24.84
2018;01;26;16;00;3.11;93.00;1016.30;0.00;0.00;100.00;100.00;100.00;100.00;0.00;46.28;18.19;207.07;20.63;209.25;37.44;236.77;23.04
2018;01;26;17;00;2.89;94.00;1016.40;0.00;0.00;100.00;100.00;100.00;100.00;0.00;13.35;16.60;204.34;20.29;207.47;35.79;233.59;22.32
2018;01;26;18;00;2.72;94.00;1016.30;0.00;0.00;100.00;100.00;100.00;100.00;0.00;0.00;15.84;201.32;20.12;206.57;34.58;231.34;21.24
2018;01;26;19;00;2.62;95.00;1016.50;0.00;0.00;100.00;100.00;100.00;100.00;0.00;0.00;15.38;200.56;19.97;205.64;34.48;229.66;20.52
2018;01;26;20;00;2.57;96.00;1016.30;0.00;0.00;100.00;100.00;100.00;100.00;0.00;0.00;15.04;201.04;19.80;207.03;34.92;227.92;20.16
2018;01;26;21;00;2.60;96.00;1016.70;0.00;0.00;100.00;100.00;100.00;100.00;0.00;0.00;14.66;204.68;19.39;211.33;36.55;230.19;20.16
2018;01;26;22;00;2.61;96.00;1016.80;0.00;0.00;100.00;92.00;100.00;100.00;0.00;0.00;14.18;203.96;18.40;210.58;36.24;229.03;19.08
2018;01;26;23;00;2.60;96.00;1016.60;0.00;0.00;100.00;100.00;100.00;100.00;0.00;0.00;13.85;204.57;18.58;211.53;36.98;228.55;19.80
2018;01;27;00;00;2.58;96.00;1016.60;0.00;0.00;100.00;100.00;98.00;100.00;0.00;0.00;12.88;206.57;17.37;214.02;36.51;229.40;19.08
2018;01;27;01;00;2.53;96.00;1017.00;0.00;0.00;100.00;100.00;91.00;100.00;0.00;0.00;12.41;209.54;16.42;217.87;37.06;230.12;18.72
2018;01;27;02;00;2.46;96.00;1017.10;0.00;0.00;100.00;100.00;100.00;100.00;0.00;0.00;11.75;207.35;15.48;215.54;36.32;230.63;16.92
2018;01;27;03;00;2.37;96.00;1016.80;0.00;0.00;100.00;100.00;100.00;100.00;0.00;0.00;10.81;209.98;14.84;219.09;35.79;233.59;16.92
2018;01;27;04;00;2.30;96.00;1016.90;0.00;0.00;100.00;100.00;100.00;100.00;0.00;0.00;10.19;212.01;14.26;222.95;34.75;235.98;15.12
2018;01;27;05;00;2.22;96.00;1016.80;0.00;0.00;100.00;77.00;100.00;100.00;0.00;0.00;9.59;214.29;13.75;225.00;33.66;237.67;14.04
2018;01;27;06;00;2.15;96.00;1017.00;0.00;0.00;100.00;42.00;100.00;100.00;0.00;0.00;8.44;219.81;12.54;230.83;32.73;240.33;11.88
2018;01;27;07;00;2.05;96.00;1016.90;0.00;0.00;100.00;100.00;100.00;100.00;0.00;0.00;7.42;219.09;10.74;230.44;30.95;240.75;9.72
2018;01;27;08;00;1.94;96.00;1016.50;0.00;0.00;100.00;93.00;100.00;100.00;0.00;0.00;7.15;220.91;10.01;232.31;30.50;239.50;9.36
2018;01;27;09;00;1.85;96.00;1016.50;0.00;0.00;100.00;100.00;100.00;100.00;0.00;0.00;6.64;229.40;9.02;241.39;30.76;237.43;9.36
2018;01;27;10;00;1.81;95.00;1017.10;0.00;0.00;100.00;100.00;100.00;100.00;0.00;1.78;5.69;235.30;7.42;247.17;30.39;233.67;6.84
2018;01;27;11;00;1.89;95.00;1016.80;0.00;0.00;100.00;99.00;100.00;100.00;0.00;22.25;5.50;238.39;6.15;249.44;30.98;231.13;6.84
2018;01;27;12;00;1.96;95.00;1016.50;0.00;0.00;100.00;98.00;90.00;100.00;0.00;43.61;5.51;258.69;5.77;266.42;31.99;230.94;10.44
2018;01;27;13;00;1.95;94.00;1016.60;0.00;0.00;100.00;100.00;90.00;100.00;0.00;56.96;5.76;270.00;5.05;274.09;31.54;231.95;10.44
2018;01;27;14;00;1.81;94.00;1016.90;0.00;0.00;100.00;22.00;24.00;100.00;0.00;61.41;5.41;273.81;4.74;278.75;30.60;233.13;10.80
2018;01;27;15;00;1.71;92.00;1018.80;0.00;0.00;100.00;0.00;34.00;100.00;0.00;42.72;10.16;202.93;10.14;207.47;26.28;216.09;13.68
2018;01;27;16;00;1.54;93.00;1018.30;0.00;0.00;100.00;0.00;0.00;100.00;0.00;21.36;10.31;204.78;10.63;208.30;30.53;217.82;15.48
2018;01;27;17;00;1.33;94.00;1018.10;0.10;0.07;100.00;0.00;0.00;100.00;0.00;5.34;10.50;210.96;12.39;215.54;33.39;221.94;16.92
2018;01;27;18;00;1.09;94.00;1018.00;0.10;0.07;100.00;0.00;0.00;100.00;0.00;0.00;11.02;218.37;14.00;223.96;33.91;232.77;18.00
2018;01;27;19;00;1.00;94.00;1017.90;0.00;0.00;100.00;0.00;0.00;100.00;0.00;0.00;12.48;223.83;15.55;227.82;33.85;231.91;19.08
2018;01;27;20;00;0.84;95.00;1017.60;0.00;0.00;100.00;0.00;0.00;100.00;0.00;0.00;13.49;226.08;17.15;230.96;29.88;238.80;19.44
2018;01;27;21;00;0.83;95.00;1016.90;0.00;0.00;100.00;0.00;3.00;100.00;0.00;0.00;13.49;223.92;16.87;230.19;26.42;252.55;18.72
2018;01;27;22;00;0.89;94.00;1016.50;0.00;0.00;100.00;0.00;100.00;100.00;0.00;0.00;12.90;210.14;15.78;214.78;27.35;249.18;15.84
2018;01;27;23;00;0.56;95.00;1015.70;0.40;0.28;100.00;0.00;100.00;100.00;0.00;0.00;15.73;195.95;20.06;201.04;27.91;239.80;19.08
2018;01;28;00;00;0.54;95.00;1015.10;0.40;0.28;100.00;0.00;44.00;100.00;0.00;0.00;19.81;204.70;25.46;208.74;23.66;236.79;22.32
2018;01;28;01;00;0.58;95.00;1014.70;0.20;0.14;100.00;0.00;0.00;100.00;0.00;0.00;22.16;223.03;28.31;228.61;24.95;243.43;28.08
2018;01;28;02;00;0.45;95.00;1014.60;0.10;0.07;100.00;0.00;0.00;100.00;0.00;0.00;24.97;241.59;31.08;244.62;30.63;246.45;32.76
2018;01;28;03;00;0.06;94.00;1014.80;0.00;0.00;100.00;0.00;43.00;100.00;0.00;0.00;31.08;251.77;37.14;253.67;34.23;255.38;34.92
2018;01;28;04;00;-0.69;92.00;1015.10;0.00;0.00;100.00;0.00;18.00;100.00;0.00;0.00;38.77;259.84;45.06;262.19;37.91;265.64;41.76
2018;01;28;05;00;-1.39;93.00;1015.50;0.00;0.00;100.00;0.00;0.00;100.00;0.00;0.00;38.70;257.64;44.13;258.23;41.04;270.00;42.48
2018;01;28;06;00;-2.02;92.00;1015.50;0.00;0.00;100.00;0.00;0.00;100.00;0.00;0.00;35.86;252.47;40.10;253.84;44.35;273.26;38.88
2018;01;28;07;00;-2.97;91.00;1015.30;0.00;0.00;100.00;0.00;0.00;100.00;0.00;0.00;34.73;250.63;38.36;251.40;44.68;267.69;35.64
2018;01;28;08;00;-3.48;90.00;1014.50;0.00;0.00;100.00;0.00;0.00;100.00;0.00;0.00;31.72;243.73;33.97;244.25;37.11;255.96;32.04
2018;01;28;09;00;-3.41;90.00;1014.30;0.00;0.00;100.00;0.00;0.00;100.00;0.00;0.00;28.47;237.92;30.19;239.15;34.17;253.47;30.24
2018;01;28;10;00;-3.13;90.00;1014.00;0.00;0.00;100.00;4.00;0.00;100.00;0.00;8.01;25.86;231.22;27.22;232.52;35.54;256.53;29.16
2018;01;28;11;00;-2.62;85.00;1013.50;0.00;0.00;100.00;30.00;34.00;100.00;0.00;73.87;24.22;221.99;24.72;222.05;34.61;251.19;25.56
2018;01;28;12;00;-1.98;81.00;1012.70;0.00;0.00;100.00;14.00;88.00;100.00;0.00;141.51;22.24;209.05;22.55;208.61;33.17;242.88;24.12
2018;01;28;13;00;-1.02;79.00;1011.60;0.00;0.00;100.00;22.00;100.00;100.00;0.00;184.23;21.52;197.53;21.97;198.14;32.84;232.13;23.76
2018;01;28;14;00;0.13;79.00;1011.10;0.00;0.00;100.00;29.00;100.00;100.00;0.00;185.12;21.39;186.77;21.75;186.65;32.85;214.73;24.12
2018;01;28;15;00;1.19;87.00;1012.70;0.00;0.00;100.00;100.00;100.00;100.00;0.00;77.43;23.11;175.53;24.58;174.96;29.95;205.64;24.84
2018;01;28;16;00;1.07;86.00;1011.60;0.00;0.00;100.00;78.00;100.00;100.00;0.00;56.07;23.23;167.47;25.35;168.53;27.25;195.32;24.84
2018;01;28;17;00;0.63;89.00;1010.90;0.00;0.00;100.00;26.00;100.00;100.00;0.00;18.69;23.34;153.43;28.04;155.74;27.18;191.46;25.20
2018;01;28;18;00;0.48;92.00;1010.10;0.00;0.00;100.00;58.00;100.00;100.00;0.00;0.00;25.28;144.27;29.35;146.50;27.74;182.23;28.44
2018;01;28;19;00;0.34;95.00;1009.20;0.00;0.00;100.00;100.00;100.00;100.00;0.00;0.00;25.74;137.83;30.93;140.19;32.02;171.60;28.44
2018;01;28;20;00;0.36;95.00;1007.80;0.00;0.00;100.00;100.00;100.00;100.00;0.00;0.00;27.27;132.32;33.60;135.00;37.38;164.36;33.84
2018;01;28;21;00;0.34;95.00;1007.00;0.00;0.00;100.00;100.00;100.00;100.00;0.00;0.00;29.06;131.99;34.88;135.42;38.18;159.00;35.28
2018;01;28;22;00;0.26;94.00;1005.70;0.00;0.00;100.00;100.00;100.00;100.00;0.00;0.00;29.74;128.12;35.46;131.30;38.82;155.34;34.20
2018;01;28;23;00;0.18;94.00;1004.20;0.00;0.00;100.00;100.00;100.00;100.00;0.00;0.00;31.86;122.07;37.55;124.45;44.54;145.54;38.52
2018;01;29;00;00;0.12;94.00;1003.50;0.00;0.00;100.00;38.00;100.00;100.00;0.00;0.00;33.65;117.39;39.97;119.10;48.19;138.33;39.24
2018;01;29;01;00;0.06;95.00;1002.60;0.40;0.28;100.00;43.00;100.00;100.00;0.00;0.00;34.94;116.30;41.40;118.57;45.31;134.36;40.32
2018;01;29;02;00;0.05;95.00;1002.10;0.50;0.35;100.00;43.00;100.00;100.00;0.00;0.00;34.65;119.23;41.25;122.16;40.27;137.90;37.08
2018;01;29;03;00;-0.01;94.00;1001.20;0.30;0.21;100.00;99.00;100.00;100.00;0.00;0.00;34.27;121.69;40.14;124.40;41.27;137.12;38.16
2018;01;29;04;00;-0.23;94.00;1000.60;0.30;0.21;100.00;96.00;100.00;100.00;0.00;0.00;33.47;121.81;39.14;124.13;43.02;134.66;34.92
2018;01;29;05;00;-0.68;95.00;1000.30;0.40;0.28;100.00;92.00;100.00;100.00;0.00;0.00;32.91;120.21;38.35;122.35;42.27;136.38;34.56
2018;01;29;06;00;-1.03;94.00;999.90;0.40;0.28;100.00;59.00;100.00;100.00;0.00;0.00;32.20;116.57;37.70;118.52;42.00;135.35;35.28
2018;01;29;07;00;-1.25;94.00;999.90;0.40;0.28;100.00;25.00;100.00;100.00;0.00;0.00;32.29;112.28;37.21;114.58;38.19;134.24;34.92
2018;01;29;08;00;-1.48;94.00;998.70;0.30;0.21;100.00;27.00;71.00;100.00;0.00;0.00;31.77;109.87;36.50;112.01;33.60;135.00;34.56
2018;01;29;09;00;-1.55;94.00;998.50;0.20;0.14;100.00;9.00;75.00;100.00;0.00;0.00;30.74;108.43;34.97;110.49;30.85;131.69;33.12
2018;01;29;10;00;-1.47;93.00;998.00;0.10;0.07;100.00;3.00;80.00;100.00;0.00;8.01;30.07;106.70;33.36;108.24;29.09;126.44;31.68
2018;01;29;11;00;-1.09;89.00;997.90;0.10;0.07;100.00;0.00;80.00;100.00;0.00;62.30;29.18;105.75;31.55;106.57;27.06;123.06;29.16
2018;01;29;12;00;-0.82;87.00;997.20;0.10;0.07;100.00;0.00;74.00;100.00;0.00;110.36;27.94;104.93;29.52;105.56;25.19;120.96;27.00
2018;01;29;13;00;-0.60;87.00;996.40;0.10;0.07;100.00;0.00;60.00;100.00;0.00;140.62;26.28;103.47;27.42;103.67;23.22;119.74;24.48
2018;01;29;14;00;-0.33;86.00;996.70;0.00;0.00;100.00;0.00;31.00;100.00;0.00;153.08;24.86;100.01;25.98;100.38;21.73;116.57;22.68
2018;01;29;15;00;-1.20;79.00;1003.10;0.00;0.00;100.00;0.00;4.00;100.00;0.00;150.41;26.00;111.95;26.94;112.80;21.41;137.73;28.08
2018;01;29;16;00;-1.41;80.00;1002.50;0.00;0.00;100.00;0.00;0.00;100.00;0.00;102.35;26.64;108.92;27.56;109.86;19.35;135.00;23.40
2018;01;29;17;00;-1.80;86.00;1002.10;0.00;0.00;100.00;0.00;0.00;100.00;0.00;32.04;26.07;107.68;27.66;108.20;19.41;130.49;23.04
2018;01;29;18;00;-1.95;89.00;1001.50;0.00;0.00;100.00;0.00;0.00;100.00;0.00;0.00;25.62;107.16;27.21;107.72;19.45;128.99;24.48
2018;01;29;19;00;-1.98;89.00;1001.40;0.10;0.07;100.00;0.00;0.00;100.00;0.00;0.00;25.73;107.93;27.32;108.43;20.24;128.50;24.12
2018;01;29;20;00;-1.97;90.00;1000.30;0.00;0.00;100.00;0.00;0.00;100.00;0.00;0.00;25.07;105.83;27.10;106.99;19.88;125.42;23.76
2018;01;29;21;00;-1.93;90.00;999.50;0.00;0.00;100.00;0.00;0.00;100.00;0.00;0.00;25.77;102.09;27.68;102.77;20.29;117.47;23.76
2018;01;29;22;00;-1.96;91.00;998.80;0.00;0.00;100.00;0.00;0.00;100.00;0.00;0.00;26.63;99.34;28.59;100.89;22.33;110.77;24.84
2018;01;29;23;00;-2.15;91.00;997.90;0.00;0.00;100.00;0.00;0.00;100.00;0.00;0.00;27.60;97.50;30.19;98.23;25.28;107.40;25.92
2018;01;30;00;00;-2.44;90.00;997.50;0.00;0.00;100.00;0.00;0.00;100.00;0.00;0.00;28.16;94.40;30.74;95.38;27.35;106.05;27.00
2018;01;30;01;00;-2.79;90.00;996.70;0.00;0.00;100.00;0.00;0.00;100.00;0.00;0.00;29.16;89.29;31.68;90.00;28.29;104.74;28.08
2018;01;30;02;00;-3.07;89.00;996.30;0.00;0.00;100.00;0.00;0.00;100.00;0.00;0.00;30.06;83.81;32.53;84.92;29.34;104.21;29.88
2018;01;30;03;00;-3.40;89.00;995.80;0.00;0.00;100.00;0.00;0.00;100.00;0.00;0.00;31.14;79.34;33.91;80.84;29.87;102.53;32.04
2018;01;30;04;00;-4.61;86.00;1001.00;0.00;0.00;100.00;0.00;0.00;100.00;0.00;0.00;25.32;75.17;26.37;75.77;27.18;101.46;26.28
2018;01;30;05;00;-5.28;85.00;1000.20;0.00;0.00;100.00;4.00;0.00;100.00;0.00;0.00;31.35;74.69;33.18;74.91;28.88;100.05;31.68
2018;01;30;06;00;-6.29;85.00;999.60;0.00;0.00;100.00;28.00;42.00;100.00;0.00;0.00;32.84;74.74;35.02;75.11;29.70;96.26;33.12
2018;01;30;07;00;-6.79;85.00;999.10;0.00;0.00;100.00;36.00;51.00;100.00;0.00;0.00;31.80;74.23;34.23;75.38;30.63;92.69;33.84
2018;01;30;08;00;-6.88;85.00;998.50;0.00;0.00;100.00;31.00;50.00;100.00;0.00;0.00;30.51;70.71;33.01;71.57;31.35;87.37;33.12
2018;01;30;09;00;-6.97;86.00;998.00;0.00;0.00;100.00;35.00;71.00;100.00;0.00;0.00;29.14;64.38;31.58;65.77;31.72;80.86;32.04
2018;01;30;10;00;-6.86;86.00;997.80;0.00;0.00;95.00;30.00;95.00;89.00;0.00;14.24;29.08;58.67;31.18;58.70;31.96;75.65;31.32
2018;01;30;11;00;-6.25;85.00;997.60;0.00;0.00;99.00;26.00;99.00;62.00;0.00;95.23;29.30;52.99;31.18;53.92;31.65;70.74;30.96
2018;01;30;12;00;-5.59;84.00;997.60;0.00;0.00;100.00;23.00;100.00;88.00;0.00;163.76;30.80;45.47;32.86;47.22;32.20;63.43;32.76
2018;01;30;13;00;-5.34;83.00;997.80;0.00;0.00;100.00;20.00;100.00;87.00;0.00;203.81;34.02;39.42;36.98;41.45;34.25;56.14;36.00
2018;01;30;14;00;-5.27;83.00;998.10;0.00;0.00;100.00;17.00;100.00;100.00;0.00;209.15;37.08;36.31;40.04;37.69;36.55;50.19;37.80
2018;01;30;15;00;-5.46;82.00;998.40;0.00;0.00;100.00;18.00;98.00;100.00;0.00;183.34;40.14;34.40;42.77;36.10;38.45;43.86;40.32
2018;01;30;16;00;-5.75;84.00;998.50;0.00;0.00;100.00;29.00;100.00;100.00;0.00;121.93;40.57;31.57;43.93;33.30;40.48;38.50;42.48
2018;01;30;17;00;-6.07;84.00;998.70;0.00;0.00;100.00;26.00;100.00;100.00;0.00;41.83;39.77;27.49;43.05;29.57;42.14;34.91;41.40
2018;01;30;18;00;-6.15;85.00;999.30;0.00;0.00;100.00;24.00;94.00;100.00;0.00;0.00;39.00;23.96;41.71;25.02;42.05;32.06;39.96
2018;01;30;19;00;-6.10;84.00;999.90;0.00;0.00;100.00;17.00;75.00;100.00;0.00;0.00;37.97;21.70;40.79;23.40;41.13;29.93;38.88
2018;01;30;20;00;-6.29;84.00;1000.20;0.00;0.00;100.00;17.00;41.00;100.00;0.00;0.00;36.77;18.26;39.06;19.94;39.93;25.64;37.80
2018;01;30;21;00;-6.61;84.00;1000.40;0.00;0.00;100.00;9.00;11.00;100.00;0.00;0.00;35.81;12.78;37.81;13.77;41.44;18.75;37.08
2018;01;30;22;00;-6.89;85.00;1000.80;0.00;0.00;100.00;3.00;3.00;100.00;0.00;0.00;34.75;5.95;36.97;6.71;43.31;13.46;36.36
2018;01;30;23;00;-6.99;85.00;1001.40;0.00;0.00;100.00;0.00;0.00;100.00;0.00;0.00;34.56;0.60;36.73;1.12;42.97;8.67;36.72
